{"stats":{"minecraft:picked_up":{"gtceu:tiny_sulfur_dust":1084,"exnihilosequentia:oak_crucible":3,"gtceu:sticky_resin":25,"exnihilosequentia:andesite_pebble":763,"minecraft:string":1128,"minecraft:soul_soil":1,"pipez:energy_pipe":2,"thermal:barley_seeds":7,"create:water_wheel":3,"exnihilosequentia:oak_sieve":6,"gtceu:lv_arc_furnace":1,"create_new_age:copper_wire":10,"gtceu:lv_mixer":1,"minecraft:composter":4,"thermal:sadiroot_seeds":2,"create:andesite_casing":86,"gtceu:copper_single_wire":5,"gtceu:crushed_cassiterite_ore":237,"create_new_age:generator_coil":4,"exnihilosequentia:wooden_crook":1,"gtceu:ball_casting_mold":1,"gtceu:lv_muffler_hatch":2,"toms_storage:ts.inventory_connector":2,"gtceu:lv_machine_hull":1,"gtceu:crushed_apatite_ore":117,"thermal:radish_seeds":5,"gtceu:lv_ore_washer":1,"gtceu:kinetic_sieve":1,"minecraft:magma_block":1,"minecraft:polished_diorite_slab":985,"minecraft:jungle_log":13,"minecraft:flint":16,"gtceu:crushed_chalcopyrite_ore":243,"gtceu:crushed_molybdenite_ore":63,"gtceu:copper_plate":1,"create:encased_chain_drive":23,"pipez:fluid_pipe":11,"create:mechanical_drill":2,"gtceu:iron_mortar":1,"create:goggles":2,"create:shaft":42,"gtceu:crushed_ruby_ore":227,"minecraft:rabbit":28,"minecraft:glowstone_dust":1429,"gtceu:crushed_blue_topaz_ore":66,"gtceu:ulv_input_hatch":2,"minecraft:granite_slab":195,"thermal:onion_seeds":3,"exnihilosequentia:silkworm":394,"gtceu:wood_drum":14,"minecraft:iron_hoe":1,"thermal:rubber":99,"minecraft:lever":9,"minecraft:polished_granite_slab":153,"createdieselgenerators:large_diesel_engine":9,"gtceu:crushed_quartzite_ore":240,"thermal:eggplant_seeds":6,"minecraft:granite":1025,"gtceu:crushed_rock_salt_ore":243,"gtceu:ulv_input_bus":6,"minecraft:mud":2,"minecraft:crafting_table":6,"gtceu:sulfur_dust":60,"gtceu:wrought_iron_ingot":1633,"gtceu:tin_ingot":96,"minecraft:clay_ball":893,"functionalstorage:oak_2":4,"gtceu:steel_gearbox":1,"gtceu:gear_casting_mold":1,"toms_storage:ts.storage_terminal":6,"gtceu:rubber_plate":63,"exnihilosequentia:calcite_pebble":399,"gtceu:steel_drum":13,"gravestone:obituary":2,"functionalstorage:configuration_tool":1,"create_new_age:layered_magnet":24,"gtceu:crushed_sphalerite_ore":1256,"create:fluid_pipe":24,"gtceu:lv_kinetic_input_box":4,"gtceu:solid_machine_casing":8,"gtceu:crushed_pentlandite_ore":11,"gtceu:lv_extractor":1,"minecraft:jungle_sapling":38,"minecraft:poppy":53,"minecraft:chest":23,"colossalchests:chest_wall_wood":102,"minecraft:birch_sapling":25,"gtceu:lv_bender":1,"gtceu:kinetic_ore_factory":4,"pipez:item_pipe":59,"exnihilosequentia:granite_pebble":875,"minecraft:carrot":38,"minecraft:redstone":1418,"exmachinis:flux_sieve":8,"create:brass_casing":7,"exnihilosequentia:stone_pebble":2641,"thermal:device_composter":2,"gtceu:crushed_copper_ore":3352,"create:vertical_gearbox":6,"gtceu:crushed_topaz_ore":76,"exnihilosequentia:mycelium_spores":41,"minecraft:beetroot_seeds":220,"create:depot":7,"minecraft:gold_ingot":24,"thermal:energy_cell":1,"create_new_age:energiser_t1":1,"exnihilosequentia:dripstone_pebble":403,"exnihilosequentia:stone_barrel":4,"gtceu:plate_casting_mold":1,"gtceu:firebricks":40,"gtceu:primitive_blast_furnace":1,"exnihilosequentia:basalt_pebble":426,"minecraft:fern":43,"gtceu:lv_gas_collector":1,"gtceu:rotor_casting_mold":1,"gtceu:crushed_lepidolite_ore":29,"gtceu:mv_distillery":1,"minecraft:oak_log":2349,"toms_storage:ts.crafting_terminal":1,"gtceu:iron_hammer":1,"kubejs:meshblock":1,"create:crushing_wheel":19,"minecraft:apple":288,"gtceu:crushed_cobaltite_ore":70,"createdieselgenerators:huge_diesel_engine":2,"create_new_age:overcharged_diamond_wire":1,"gtceu:crushed_pitchblende_ore":39,"gtceu:lp_steam_liquid_boiler":2,"minecraft:stone_pickaxe":1,"gtceu:crushed_silver_ore":93,"gtceu:crushed_emerald_ore":129,"gtceu:crushed_monazite_ore":76,"gtceu:electric_blast_furnace":1,"create:mechanical_saw":7,"thermal:fluid_cell":114,"minecraft:sweet_berries":22,"thermal:strawberry_seeds":4,"gtceu:crushed_bornite_ore":24,"create_new_age:fluxuated_magnetite":36,"minecraft:gravel":2730,"minecraft:spruce_sapling":39,"gtceu:lv_energy_input_hatch":4,"create:gearbox":11,"exnihilosequentia:oak_barrel":22,"create_new_age:carbon_brushes":1,"minecraft:leather_helmet":1,"gtceu:universal_fluid_cell":2,"gtceu:crushed_iron_ore":2461,"minecraft:slime_ball":289,"gtceu:crushed_garnet_sand_ore":62,"gtceu:soul_infused_single_wire":1,"minecraft:polished_diorite":256,"minecraft:stone_axe":1,"create:mechanical_pump":4,"create:rose_quartz":2,"create:portable_storage_interface":3,"minecraft:baked_potato":84,"gtceu:crushed_magnetite_ore":1296,"gtceu:lv_output_hatch":1,"minecraft:melon_seeds":247,"thermal:amaranth_seeds":3,"minecraft:hopper":9,"minecraft:ender_pearl":197,"createdieselgenerators:basin_lid":2,"minecraft:wheat":527,"create:mechanical_crafter":46,"gtceu:lp_steam_solid_boiler":2,"gtceu:crushed_vanadium_magnetite_ore":15,"gtceu:solid_blast_furnace":2,"create_new_age:overcharged_iron_wire":22,"gtceu:zinc_dust":12,"gtceu:lv_macerator":2,"gtceu:large_farm":2,"gtceu:treated_wood_planks":38,"create:mechanical_press":4,"gtceu:lv_thermal_centrifuge":1,"minecraft:bucket":5,"gtceu:lv_polarizer":1,"minecraft:cobblestone_slab":12,"create_new_age:electrical_connector":30,"thermal:spinach_seeds":5,"thermal:slime_mushroom_spores":211,"minecraft:furnace":13,"gtceu:lv_4a_energy_converter":5,"create_new_age:redstone_magnet":27,"minecraft:stick":1101,"minecraft:torch":39,"gtceu:lv_electrolyzer":7,"minecraft:diorite":1004,"thermal:flax_seeds":245,"gtceu:gold_dust":24,"create:large_cogwheel":5,"minecraft:cactus":27,"minecraft:rotten_flesh":12,"gtceu:lv_fluid_solidifier":2,"thermal:corn_seeds":4,"gtceu:lv_centrifuge":1,"gtceu:steel_firebox_casing":1,"colossalchests:colossal_chest_wood":1,"create:speedometer":2,"minecraft:cobblestone":3120,"exnihilosequentia:blackstone_pebble":387,"create:fluid_tank":2,"minecraft:andesite":963,"minecraft:potato":468,"exnihilosequentia:string_mesh":5,"minecraft:lapis_lazuli":24,"minecraft:dirt":615,"gtceu:lv_assembler":3,"exnihilosequentia:fired_crucible":1,"minecraft:glass":600,"minecraft:wheat_seeds":495,"gtceu:nickel_ingot":31,"gtceu:lv_chemical_reactor":1,"exnihilosequentia:grass_seeds":38,"minecraft:bamboo":38,"minecraft:oak_planks":11,"gtceu:crushed_red_garnet_ore":38,"create:radial_chassis":2,"gtceu:lv_wiremill":2,"thermal:bell_pepper_seeds":5,"create:cogwheel":71,"exnihilosequentia:tuff_pebble":391,"minecraft:sand":1591,"gtceu:treated_wood_frame":30,"exnihilosequentia:crushed_blackstone":594,"gtceu:ruby_lens":1,"gtceu:lv_forge_hammer":2,"gtceu:ulv_output_bus":4,"create_new_age:overcharged_golden_sheet":15,"gtceu:copper_small_fluid_pipe":4,"gtceu:lv_circuit_assembler":1,"minecraft:sugar":1024,"gtceu:cupronickel_coil_block":16,"minecraft:clay":136,"minecraft:diamond":1,"thermal:device_tree_extractor":1,"minecraft:bone_meal":204,"gtceu:crushed_pyrochlore_ore":21,"minecraft:emerald":2,"minecraft:oak_sapling":1294,"create:stressometer":1,"minecraft:oak_leaves":238,"minecraft:charcoal":223,"functionalstorage:oak_1":11,"kubejs:wood_casing":8,"minecraft:cocoa_beans":1367,"minecraft:chicken":1,"minecraft:cooked_rabbit":5,"minecraft:diorite_slab":532,"functionalstorage:framed_2":2,"gtceu:crushed_beryllium_ore":84,"minecraft:iron_axe":1,"minecraft:large_fern":36,"create_new_age:overcharged_golden_wire":88,"exnihilosequentia:dust":1002,"gtceu:lv_output_bus":7,"gtceu:lp_steam_macerator":1,"create:chute":11,"functionalstorage:oak_4":3,"minecraft:blackstone":2,"gtceu:lv_distillery":1,"gtceu:lv_alloy_smelter":1,"gtceu:crushed_sapphire_ore":221,"create:basin":3,"gtceu:crushed_saltpeter_ore":236,"minecraft:sugar_cane":465,"create:linear_chassis":22,"minecraft:dark_oak_sapling":34,"minecraft:copper_ingot":413,"gtceu:crushed_diamond_ore":208,"exnihilosequentia:diorite_pebble":764,"create:hand_crank":2,"create:deployer":6,"gtceu:crushed_tin_ore":1526,"thermal:peanut_seeds":5,"exnihilosequentia:deepslate_pebble":379,"gtceu:large_barrel":1,"thermal:device_water_gen":6,"gtceu:crushed_pyrolusite_ore":63,"gtceu:crushed_green_sapphire_ore":250,"gtceu:copper_quadruple_wire":16,"minecraft:gunpowder":6,"minecraft:cobblestone_stairs":1,"gtceu:crushed_certus_quartz_ore":260,"gtceu:lv_cutter":1,"ae2:sky_dust":175,"gtceu:ulv_output_hatch":4,"gtceu:crushed_ilmenite_ore":43,"gtceu:crushed_realgar_ore":295,"create:adjustable_chain_gearshift":10,"minecraft:iron_ingot":250,"minecraft:rabbit_hide":15,"gtceu:crushed_gold_ore":53,"gtceu:sapphire_lens":1,"thermal:tomato_seeds":7,"gtceu:lv_lathe":1,"minecraft:acacia_sapling":32,"minecraft:soul_sand":1,"gtceu:tin_single_wire":5,"gtceu:crushed_chromite_ore":123,"gtceu:nickel_dust":9,"thermal:rice":10,"minecraft:oak_slab":17,"create:mechanical_bearing":1,"gtceu:lv_input_bus":4,"create:large_water_wheel":12,"create_new_age:energiser_t2":2,"minecraft:quartz":9,"minecraft:dandelion":37,"gtceu:gallium_arsenide_dust":55,"minecraft:amethyst_shard":3,"gtceu:red_alloy_ingot":6,"minecraft:white_bed":1,"thermal:green_bean_seeds":3,"minecraft:spider_eye":1,"simplybackpacks:rarebackpack":1,"thermal:rice_seeds":37,"gtceu:crushed_yellow_garnet_ore":57,"gtceu:lp_steam_compressor":2,"minecraft:pumpkin_seeds":230,"gtceu:long_rod_extruder_mold":1,"gtceu:crushed_salt_ore":248,"create:encased_fan":10,"minecraft:cherry_sapling":33,"gtceu:lv_input_hatch":1,"farmersdelight:stove":3,"minecraft:coal":227,"minecraft:sunflower":42},"minecraft:killed_by":{"minecraft:zombie":4,"minecraft:slime":4,"minecraft:creeper":2,"minecraft:spider":1,"minecraft:enderman":4},"minecraft:dropped":{"gtceu:iron_plate":4,"exnihilosequentia:granite_pebble":229,"minecraft:lapis_lazuli":24,"minecraft:crafting_table":3,"gtceu:flint_dust":2,"gtceu:crushed_diamond_ore":31,"thermal:flax_seeds":1,"minecraft:emerald":2,"minecraft:dirt":3,"gtceu:iron_wrench":1,"create:goggles":1,"minecraft:diorite_slab":263,"gtceu:crushed_certus_quartz_ore":30,"minecraft:oak_planks":2,"minecraft:glowstone_dust":6,"gtceu:crushed_emerald_ore":12,"gtceu:crushed_chalcopyrite_ore":8,"gtceu:wood_drum":2,"minecraft:charcoal":2,"create:wrench":1,"exnihilosequentia:stone_pebble":73,"exnihilosequentia:wooden_crook":2,"minecraft:glass":2,"gtceu:gold_dust":64,"kubejs:coin":39,"minecraft:iron_ingot":7,"create:rose_quartz":32,"exnihilosequentia:crushed_diorite":10,"minecraft:wheat_seeds":1,"minecraft:cobblestone":1308,"gtceu:crushed_iron_ore":269,"minecraft:apple":22,"minecraft:granite":64,"gtceu:crushed_magnetite_ore":22,"gtceu:crushed_tin_ore":111,"gtceu:copper_dust":96,"minecraft:coal":5,"minecraft:lava_bucket":1,"exnihilosequentia:blackstone_pebble":2,"minecraft:mud":2,"minecraft:string":905,"minecraft:furnace":2,"gtceu:tiny_sulfur_dust":22,"thermal:rubber":681,"gtceu:tin_ingot":60,"minecraft:pumpkin_seeds":1,"thermal_extra:soul_sand_dust":2,"woodenbucket:wooden_bucket":1,"minecraft:stone":1,"exnihilosequentia:calcite_pebble":1,"exnihilosequentia:crushed_granite":1,"minecraft:spider_eye":1,"functionalstorage:configuration_tool":1,"exnihilosequentia:mycelium_spores":4,"minecraft:oak_log":281,"gtceu:crushed_realgar_ore":39,"exnihilosequentia:diorite_pebble":124,"minecraft:ender_pearl":3,"gtceu:copper_plate":3,"gravestone:obituary":2,"minecraft:amethyst_shard":3,"gtceu:nickel_dust":39,"gtceu:tiny_flint_dust":6,"gtceu:iron_mortar":2,"gtceu:zinc_ingot":86,"minecraft:gravel":143,"exnihilosequentia:deepslate_pebble":2,"gtceu:iron_dust":64,"exnihilosequentia:silkworm":344,"gtceu:invar_ingot":1,"gtceu:crushed_copper_ore":542,"exnihilosequentia:crushed_andesite":13,"gtceu:crushed_green_sapphire_ore":13,"minecraft:melon_seeds":1,"thermal:slime_mushroom_spores":25,"minecraft:chest":4,"exnihilosequentia:dripstone_pebble":1,"gtceu:red_alloy_ingot":1,"minecraft:quartz":6,"minecraft:oak_slab":6,"minecraft:copper_ingot":420,"exnihilosequentia:andesite_pebble":62,"minecraft:stick":62,"gtceu:crushed_saltpeter_ore":5,"minecraft:diorite":9,"gtceu:crushed_ruby_ore":15,"exnihilosequentia:dust":2,"minecraft:granite_slab":81,"minecraft:iron_axe":2,"minecraft:cactus":1,"minecraft:bucket":5,"minecraft:redstone":65,"gtceu:gallium_arsenide_dust":55,"minecraft:iron_hoe":1,"gtceu:universal_fluid_cell":2,"gtceu:crushed_sphalerite_ore":19,"create_new_age:overcharged_golden_sheet":31,"minecraft:andesite":1199,"minecraft:oak_sapling":70,"minecraft:slime_ball":119,"gtceu:nickel_ingot":1,"gtceu:sulfur_dust":246,"minecraft:stone_pickaxe":5,"gtceu:zinc_dust":12},"minecraft:broken":{"minecraft:shears":1,"gtceu:iron_wire_cutter":2,"gtceu:iron_file":2,"exnihilosequentia:wooden_crook":2,"exnihilosequentia:stone_hammer":4,"minecraft:diamond_pickaxe":1,"gtceu:iron_mortar":3,"minecraft:leather_helmet":1,"minecraft:iron_axe":5,"minecraft:iron_pickaxe":3,"gtceu:iron_saw":1,"minecraft:stone_axe":6,"exnihilosequentia:iron_hammer":3,"create:sand_paper":3},"minecraft:mined":{"minecraft:polished_granite_slab":286,"thermal:device_water_gen":6,"minecraft:white_bed":1,"create:andesite_casing":86,"gtceu:lv_polarizer":1,"minecraft:jungle_leaves":4,"gtceu:lv_centrifuge":1,"minecraft:granite":1,"exnihilosequentia:oak_sieve":6,"minecraft:jungle_log":13,"minecraft:hopper":9,"minecraft:magma_block":1,"functionalstorage:framed_2":2,"create:speedometer":2,"pipez:fluid_pipe":11,"gtceu:lv_mixer":1,"minecraft:granite_slab":177,"gtceu:kinetic_ore_factory":4,"toms_storage:ts.inventory_connector":2,"colossalchests:chest_wall_wood":102,"create:mechanical_press":4,"gtceu:lv_macerator":2,"minecraft:tripwire":23,"create:cogwheel":71,"gtceu:lv_fluid_solidifier":2,"pipez:energy_pipe":2,"gtceu:lv_forge_hammer":2,"minecraft:torch":12,"gtceu:lv_assembler":3,"gtceu:steel_firebox_casing":1,"minecraft:polished_diorite_slab":1003,"gtceu:lv_bender":1,"gtceu:lv_arc_furnace":1,"minecraft:sugar_cane":51,"create:basin":3,"gtceu:lv_circuit_assembler":1,"create:portable_storage_interface":4,"minecraft:wheat":8,"gtceu:lv_muffler_hatch":2,"minecraft:grass":573,"create:hand_crank":2,"create:stressometer":1,"toms_storage:ts.crafting_terminal":1,"gtceu:primitive_blast_furnace":1,"create:linear_chassis":22,"gtceu:lp_steam_liquid_boiler":2,"gtceu:lv_kinetic_input_box":4,"gtceu:lv_input_bus":4,"gtceu:wood_drum":14,"gtceu:lv_output_bus":7,"gtceu:large_barrel":1,"create:fluid_tank":2,"gtceu:lv_4a_energy_converter":5,"functionalstorage:oak_1":11,"colossalchests:colossal_chest_wood":1,"create:encased_fan":10,"gtceu:solid_blast_furnace":2,"gtceu:firebricks":40,"create_new_age:energiser_t2":2,"gtceu:lv_output_hatch":1,"create:shaft":41,"kubejs:wood_casing":8,"gtceu:steel_drum":13,"create_new_age:carbon_brushes":1,"createdieselgenerators:basin_lid":2,"create_new_age:layered_magnet":24,"gtceu:copper_small_fluid_pipe":4,"minecraft:cobblestone_slab":7,"minecraft:vine":5,"create:chute":11,"create:deployer":6,"gtceu:lp_steam_compressor":2,"minecraft:oak_slab":10,"minecraft:dandelion":37,"exmachinis:flux_sieve":8,"create:fluid_pipe":22,"create:mechanical_pump":4,"minecraft:campfire":1,"exnihilosequentia:fired_crucible":1,"create:water_wheel":3,"minecraft:tall_grass":130,"gtceu:lv_cutter":1,"minecraft:diorite":149,"thermal:rice":10,"create:mechanical_saw":7,"create:water_wheel_structure":7,"gtceu:lv_machine_hull":1,"create:gearbox":17,"gtceu:lv_gas_collector":1,"create:crushing_wheel":5,"create:mechanical_drill":2,"create:mechanical_bearing":1,"gtceu:copper_single_wire":5,"minecraft:gravel":824,"gtceu:lp_steam_macerator":1,"kubejs:meshblock":1,"minecraft:oak_sapling":33,"minecraft:farmland":8,"gtceu:large_farm":2,"minecraft:cobblestone_stairs":1,"gtceu:tin_single_wire":5,"gtceu:lp_steam_solid_boiler":2,"minecraft:grass_block":163,"gtceu:soul_infused_single_wire":1,"minecraft:composter":4,"create_new_age:electrical_connector":29,"gtceu:lv_ore_washer":1,"toms_storage:ts.storage_terminal":6,"createdieselgenerators:large_diesel_engine":9,"exnihilosequentia:oak_barrel":22,"gtceu:kinetic_sieve":1,"gtceu:lv_wiremill":2,"gtceu:treated_wood_frame":30,"createdieselgenerators:huge_diesel_engine":2,"create:radial_chassis":2,"gtceu:ulv_input_hatch":2,"minecraft:blackstone":596,"create:adjustable_chain_gearshift":10,"minecraft:clay":213,"minecraft:poppy":53,"minecraft:chest":23,"create:brass_casing":7,"minecraft:cobblestone":1531,"minecraft:oak_planks":11,"gtceu:lv_distillery":1,"minecraft:wall_torch":8,"create:large_water_wheel":5,"gtceu:ulv_input_bus":6,"create:glass_fluid_pipe":2,"create_new_age:fluxuated_magnetite":36,"gtceu:lv_energy_input_hatch":4,"gtceu:lv_chemical_reactor":1,"gtceu:lv_thermal_centrifuge":1,"exnihilosequentia:oak_crucible":3,"minecraft:oak_log":1997,"gtceu:copper_quadruple_wire":16,"minecraft:sand":745,"minecraft:dirt":191,"create:encased_chain_drive":23,"gtceu:electric_blast_furnace":1,"minecraft:oak_leaves":506,"exnihilosequentia:infested_leaves":421,"thermal:energy_cell":1,"create_new_age:energiser_t1":1,"gtceu:lv_extractor":1,"functionalstorage:oak_2":4,"gtceu:ulv_output_bus":4,"gravestone:gravestone":33,"minecraft:lever":1,"create:large_cogwheel":5,"gtceu:lv_lathe":1,"create:depot":7,"minecraft:soul_campfire":1,"thermal:device_composter":2,"minecraft:diorite_slab":289,"minecraft:furnace":13,"functionalstorage:oak_4":3,"thermal:device_tree_extractor":1,"gtceu:lv_alloy_smelter":1,"gtceu:ulv_output_hatch":4,"gtceu:treated_wood_planks":38,"gtceu:lv_electrolyzer":7,"gtceu:cupronickel_coil_block":16,"exnihilosequentia:dust":2,"pipez:item_pipe":59,"minecraft:crafting_table":6,"exnihilosequentia:stone_barrel":6,"gtceu:mv_distillery":1,"create_new_age:redstone_magnet":27,"exnihilosequentia:infesting_leaves":5,"gtceu:solid_machine_casing":8,"gtceu:steel_gearbox":1,"create_new_age:generator_coil":4,"create:mechanical_crafter":46,"gtceu:lv_input_hatch":1,"farmersdelight:stove":3,"create:andesite_encased_shaft":1,"thermal:fluid_cell":114},"minecraft:crafted":{"pipez:basic_upgrade":3,"gtceu:invar_frame":4,"colossalchests:colossal_chest_wood":1,"gtceu:vacuum_tube":102,"simplybackpacks:rarebackpack":1,"gtceu:steel_plate":209,"gtceu:mv_extruder":1,"gtceu:wrought_iron_bolt":4,"gtceu:bolt_extruder_mold":3,"pipez:item_pipe":90,"gtceu:lv_fluid_solidifier":1,"gtceu:treated_wood_planks":177,"gtceu:mv_forming_press":1,"thermal:device_water_gen":1,"minecraft:polished_blackstone_slab":36,"kubejs:meshblock":18,"gtceu:mv_distillery":2,"minecraft:lever":7,"exnihilosequentia:unfired_crucible":1,"gtceu:brick_wooden_form":1,"gtceu:kinetic_sieve":2,"gtceu:tin_ingot":16,"gtceu:basic_electronic_circuit":69,"gtceu:lv_super_chest":1,"gtceu:lv_electric_motor":62,"minecraft:iron_bars":8,"gtceu:bronze_small_fluid_pipe":12,"gtceu:large_farm":4,"exnihilosequentia:stone_barrel":3,"minecraft:granite":93,"create:vertical_gearbox":11,"create:radial_chassis":3,"gtceu:mv_macerator":1,"minecraft:diamond_leggings":1,"minecraft:diamond_helmet":1,"gtceu:solid_blast_furnace":1,"gtceu:diamond_hammer":1,"gtceu:bronze_rod":16,"create:mechanical_press":2,"gtceu:lv_hermetic_casing":1,"gtceu:wood_drum":36,"gtceu:lv_machine_casing":65,"minecraft:polished_blackstone":20,"gtceu:dark_ash_dust":194,"gtceu:long_rod_extruder_mold":1,"functionalstorage:configuration_tool":1,"gtceu:treated_wood_boat":27,"thermal:fluid_cell_frame":11,"gtceu:gold_single_wire":17,"create:cogwheel":175,"gtceu:lv_polarizer":1,"gtceu:rotor_casting_mold":1,"create:precision_mechanism":4,"gtceu:steel_gear":5,"gtceu:resin_printed_circuit_board":51,"gtceu:lv_chemical_reactor":1,"gtceu:rubber_ring":32,"gtceu:large_pipe_extruder_mold":1,"toms_storage:ts.crafting_terminal":1,"gtceu:lp_steam_macerator":1,"minecraft:deepslate":65,"gtceu:bronze_normal_fluid_pipe":18,"gtceu:bronze_dust":214,"gtceu:copper_rod":4,"create:rose_quartz":30,"minecraft:soul_campfire":2,"gtceu:fine_copper_wire":42,"ae2:energy_acceptor":1,"minecraft:diamond_axe":1,"gtceu:iron_crowbar":1,"gtceu:fluid_cell":14,"farmersdelight:iron_knife":2,"gtceu:tin_rotor":10,"create:adjustable_chain_gearshift":5,"gtceu:steel_drum":7,"exnihilosequentia:fired_crucible":1,"minecraft:clock":3,"gtceu:lv_gas_collector":1,"minecraft:copper_ingot":65,"gtceu:lv_lathe":1,"gtceu:lv_arc_furnace":1,"minecraft:campfire":10,"gtceu:mv_electric_pump":8,"create:encased_chain_drive":29,"gtceu:lumium_double_wire":3,"gtceu:lv_mixer":1,"create:mechanical_mixer":1,"gtceu:rubber_gloves":1,"gtceu:mv_conveyor_module":7,"gtceu:copper_single_wire":327,"create:gearbox":21,"create:encased_fan":3,"gtceu:copper_foil":42,"gtceu:mv_laser_engraver":1,"thermal:redstone_servo":13,"gtceu:vanadium_steel_buzz_saw_blade":1,"minecraft:stone_slab":6,"gtceu:mv_cutter":1,"minecraft:compass":2,"minecraft:iron_pickaxe":3,"minecraft:iron_block":8,"functionalstorage:framed_2":3,"create:large_cogwheel":6,"createdieselgenerators:diesel_engine":12,"woodenbucket:wooden_bucket":2,"gtceu:ingot_casting_mold":1,"create:propeller":4,"gtceu:item_filter":11,"gtceu:lv_macerator":1,"gtceu:long_iron_rod":48,"gtceu:soul_infused_single_wire":17,"minecraft:composter":3,"gtceu:lv_electrolyzer":1,"gtceu:empty_wooden_form":1,"gtceu:mv_4a_energy_converter":4,"gtceu:brick_dust":132,"gtceu:small_iron_gear":8,"create:wrench":2,"gtceu:copper_tiny_fluid_pipe":18,"minecraft:iron_nugget":342,"minecraft:spyglass":1,"gtceu:steel_bolt":143,"gtceu:long_copper_rod":3,"exnihilosequentia:porcelain_clay":7,"gtceu:iron_screwdriver":4,"gtceu:lv_emitter":1,"gtceu:solid_machine_casing":68,"gtceu:lv_thermal_centrifuge":1,"gtceu:zinc_ingot":52,"gtceu:signalum_quadruple_wire":4,"exnihilosequentia:diorite_hammer":1,"create:smart_chute":9,"gtceu:iron_hammer":7,"gtceu:lv_electric_pump":8,"gtceu:red_alloy_single_wire":100,"gtceu:ulv_input_bus":6,"gtceu:wrought_iron_screw":2,"thermal:rice":1,"gtceu:firebrick":264,"functionalstorage:linking_tool":2,"gtceu:ulv_input_hatch":4,"gtceu:neodymium_dust":2,"gtceu:treated_wood_rod":872,"gtceu:small_gear_casting_mold":1,"thermal:device_composter":1,"gtceu:lv_distillery":1,"minecraft:polished_diorite":896,"gtceu:iron_rod":199,"gtceu:tin_quadruple_cable":2,"simplybackpacks:uncommonbackpack":1,"gtceu:iron_file":12,"gtceu:tin_screw":3,"minecraft:stone_pickaxe":5,"create_new_age:generator_coil":3,"minecraft:diamond_boots":1,"toms_storage:ts.inventory_connector":1,"minecraft:redstone_block":4,"create:electron_tube":30,"create_new_age:redstone_magnet":24,"gtceu:hv_assembler":1,"gtceu:iron_dust":69,"minecraft:wheat":603,"gtceu:lv_output_bus":10,"gtceu:rotor_extruder_mold":1,"gtceu:lv_centrifuge":1,"gtceu:bronze_frame":2,"gtceu:samarium_dust":2,"komarumod:komaru_powder":1,"gtceu:small_aluminium_gear":5,"gtceu:red_alloy_double_wire":17,"gtceu:iron_mortar":12,"simplybackpacks:commonbackpack":1,"functionalstorage:oak_4":4,"create:goggles":1,"gtceu:wood_mallet":1,"gtceu:tin_plate":1,"gtceu:empty_mold":11,"gtceu:sulfur_dust":124,"functionalstorage:oak_2":2,"gtceu:steel_pipe_casing":4,"create:andesite_alloy_block":3,"minecraft:glowstone":2,"gtceu:brass_block":22,"gtceu:hv_robot_arm":2,"gtceu:double_copper_plate":269,"gtceu:plate_casting_mold":1,"gtceu:mv_electric_piston":12,"gtceu:tin_bolt":8,"gtceu:mv_chemical_bath":1,"create:speedometer":2,"gtceu:steel_normal_fluid_pipe":17,"gtceu:mv_circuit_assembler":1,"gtceu:gear_extruder_mold":1,"minecraft:cobblestone":97,"gtceu:lp_steam_compressor":1,"minecraft:flint":8,"gtceu:mv_energy_input_hatch":2,"thermal_extra:soul_sand_dust":131,"gtceu:cadmium_dust":1,"gtceu:bronze_gear":2,"minecraft:blackstone":1127,"thermal:device_tree_extractor":8,"gtceu:mv_chemical_reactor":1,"thermal:rice_block":1,"minecraft:white_bed":4,"functionalstorage:storage_controller":2,"create:shaft":296,"thermal:device_rock_gen":3,"create_new_age:energiser_t3":1,"gtceu:lv_4a_energy_converter":7,"gtceu:lv_bender":1,"exnihilosequentia:string_mesh":201,"gtceu:mv_machine_casing":22,"gtceu:soul_infused_dust":64,"minecraft:brick":544,"createdieselgenerators:large_diesel_engine":12,"gtceu:good_electronic_circuit":2,"gtceu:wrought_iron_rod":5,"minecraft:oak_planks":5132,"gtceu:lv_wiremill":1,"gtceu:invar_dust":186,"minecraft:cobblestone_slab":2,"gtceu:mv_alloy_smelter":1,"minecraft:barrel":59,"gtceu:mv_fluid_solidifier":1,"gtceu:lv_electric_piston":14,"gtceu:lv_machine_hull":68,"gtceu:lv_energy_input_hatch":3,"gtceu:gold_quadruple_wire":6,"gtceu:iron_saw":8,"minecraft:lightning_rod":3,"gtceu:lv_robot_arm":3,"minecraft:stone":32,"gtceu:glass_tube":98,"create:mechanical_bearing":1,"create:deployer":5,"pipez:fluid_pipe":40,"gtceu:zinc_nugget":18,"colossalchests:chest_wall_wood":98,"gtceu:lumium_single_wire":2,"gtceu:lv_input_hatch":2,"gtceu:tin_ring":24,"gtceu:iron_knife":1,"minecraft:hopper":8,"gtceu:small_gear_extruder_mold":1,"gtceu:quartz_sand_dust":596,"gtceu:treated_wood_frame":186,"gtceu:mv_machine_hull":22,"gtceu:mv_emitter":2,"gtceu:clay_dust":132,"gtceu:ball_casting_mold":1,"gtceu:tiny_bone_dust":9,"gtceu:lanthanum_dust":1,"gtceu:lv_compressor":1,"create_new_age:netherite_magnet":10,"toms_storage:ts.storage_terminal":1,"gtceu:hv_conveyor_module":2,"minecraft:comparator":4,"gtceu:rod_extruder_mold":5,"gtceu:universal_fluid_cell":18,"minecraft:chest":151,"create_new_age:energiser_t1":1,"gtceu:lv_circuit_assembler":1,"gtceu:copper_nugget":45,"minecraft:copper_block":11,"gtceu:ulv_output_bus":5,"minecraft:bricks":168,"gtceu:brass_screw":114,"gtceu:pump_deck":10,"gtceu:bronze_pipe_casing":4,"minecraft:polished_diorite_slab":1302,"create:brass_hand":5,"gtceu:bronze_machine_casing":10,"minecraft:magma_block":1,"farmersdelight:stove":6,"gtceu:copper_spring":1,"gtceu:yttrium_dust":2,"create:depot":8,"minecraft:oak_slab":1208,"gtceu:gear_casting_mold":1,"gtceu:lv_muffler_hatch":2,"gtceu:fluid_filter":2,"gtceu:lumium_quadruple_wire":1,"gtceu:ulv_output_hatch":1,"minecraft:crafting_table":14,"gtceu:mv_electric_motor":44,"createdieselgenerators:huge_diesel_engine":10,"create:mechanical_saw":4,"gtceu:steel_frame":50,"create:fluid_pipe":76,"gtceu:primitive_blast_furnace":1,"gtceu:lv_output_hatch":2,"minecraft:baked_potato":370,"create_new_age:fluxuated_magnetite":36,"gtceu:ulv_machine_casing":14,"gtceu:iron_screw":62,"create_new_age:electrical_connector":24,"toms_storage:ts.wireless_terminal":1,"gtceu:red_alloy_dust":208,"createdieselgenerators:engine_piston":24,"create:sand_paper":7,"minecraft:gold_block":1,"create_new_age:carbon_brushes":1,"gtceu:wood_plate":262,"create:gearshift":3,"gtceu:tin_rod":5,"minecraft:diorite":61,"create:stressometer":1,"minecraft:yellow_dye":2,"exnihilosequentia:stone_hammer":5,"minecraft:diamond_pickaxe":2,"minecraft:paper":243,"minecraft:charcoal":780,"create:water_wheel":8,"gtceu:cupronickel_quadruple_wire":8,"gtceu:sticky_resin":16,"gtceu:lv_cutter":1,"gtceu:brass_dust":363,"create:super_glue":1,"create:portable_storage_interface":2,"kubejs:wood_casing":86,"minecraft:stick":24,"gtceu:brass_bolt":175,"create:mechanical_pump":7,"minecraft:iron_ingot":560,"create_new_age:layered_magnet":24,"gtceu:facade_cover":6,"gtceu:block_casting_mold":1,"create:clipboard":1,"minecraft:redstone_torch":12,"gtceu:iron_wire_cutter":9,"gtceu:treated_wood_pressure_plate":1,"thermal:energy_cell_frame":2,"minecraft:shears":1,"gtceu:steel_firebox_casing":22,"gtceu:steel_rod":178,"minecraft:coarse_dirt":32,"create:chute":44,"gtceu:soul_infused_quadruple_wire":4,"gtceu:lp_steam_liquid_boiler":1,"gtceu:lv_extractor":1,"exnihilosequentia:oak_crucible":1,"gtceu:lv_brewery":1,"gtceu:electric_blast_furnace":1,"gtceu:small_pipe_extruder_mold":1,"create:steam_engine":10,"gtceu:electrico_kinetic_ore_factory":1,"gtceu:lv_input_bus":7,"gtceu:hv_electric_motor":10,"gtceu:resistor":188,"gtceu:maintenance_hatch":2,"gtceu:ulv_machine_hull":14,"gtceu:iron_wrench":3,"gtceu:large_barrel":1,"gtceu:zinc_dust":59,"gtceu:lv_kinetic_input_box":4,"minecraft:furnace":4,"minecraft:piston":7,"gtceu:cobalt_brass_buzz_saw_blade":1,"gtceu:double_star_steel_plate":4,"gtceu:long_steel_rod":24,"minecraft:glass_pane":588,"minecraft:diamond_block":2,"exnihilosequentia:oak_sieve":101,"minecraft:flint_and_steel":23,"gtceu:tin_single_wire":127,"gtceu:iron_bolt":124,"gtceu:compressed_fireclay":201,"minecraft:leather":1,"createdieselgenerators:basin_lid":3,"ae2:quartz_glass":4,"gtceu:steel_screw":2,"minecraft:iron_axe":7,"gtceu:ring_extruder_mold":2,"minecraft:iron_hoe":1,"minecraft:slime_ball":16,"create:millstone":1,"create:fluid_tank":59,"gtceu:bronze_ingot":12,"gtceu:tin_double_wire":4,"exnihilosequentia:iron_hammer":3,"createdieselgenerators:engine_turbocharger":1,"create:basin":5,"trashcans:item_trash_can":1,"gtceu:lv_conveyor_module":8,"gtceu:copper_plate":4,"gtceu:hv_electric_piston":2,"exnihilosequentia:wooden_crook":6,"gtceu:flint_dust":210,"functionalstorage:oak_1":65,"gtceu:aluminium_dust":3,"gtceu:lv_forge_hammer":2,"gtceu:mv_autoclave":1,"gtceu:mv_compressor":1,"gtceu:cerium_dust":1,"gtceu:iron_gear":9,"gtceu:kinetic_ore_factory":1,"create_new_age:magnetite_block":80,"create:andesite_alloy":393,"create:hand_crank":1,"gtceu:resin_circuit_board":51,"exnihilosequentia:oak_barrel":44,"gtceu:copper_dust":21,"gtceu:signalum_single_wire":8,"gtceu:glass_dust":600,"pipez:energy_pipe":8,"gtceu:copper_small_fluid_pipe":9,"gtceu:red_alloy_single_cable":262,"create:large_water_wheel":7,"gtceu:tin_small_item_pipe":21,"gtceu:long_cupronickel_rod":2,"minecraft:bucket":13,"gtceu:lv_sifter":1,"gtceu:tin_quadruple_wire":2,"minecraft:stone_axe":10,"gtceu:lv_super_tank":1,"gtceu:lv_ore_washer":1,"gtceu:mv_assembler":1,"create_new_age:energiser_t2":1,"minecraft:air":6304,"minecraft:blue_dye":2,"gtceu:tin_dust":4,"functionalstorage:void_upgrade":13,"gtceu:lp_steam_solid_boiler":1,"gtceu:tin_single_cable":397,"functionalstorage:copper_upgrade":67,"minecraft:white_wool":12,"gtceu:firebricks":66,"create:whisk":1,"gtceu:bronze_brick_casing":1,"gtceu:lv_alloy_smelter":1,"minecraft:white_dye":7,"gtceu:mv_extractor":1,"gtceu:signalum_double_wire":4,"gtceu:mv_mixer":1,"gtceu:charcoal_dust":85,"gtceu:copper_quadruple_wire":11,"gtceu:mv_brewery":1,"create:linear_chassis":9,"create:mechanical_crafter":21,"gtceu:brass_rod":117,"minecraft:anvil":2,"gtceu:steel_dust":7,"gtceu:small_steel_gear":14,"create:mechanical_drill":1,"gtceu:steel_gearbox":4,"gtceu:lv_assembler":1,"minecraft:andesite":62,"gtceu:wood_crate":16,"minecraft:diorite_slab":6,"minecraft:torch":32,"thermal:rf_coil":2,"minecraft:granite_slab":54,"thermal:rubber":254,"gtceu:tiny_flint_dust":648,"gtceu:mv_robot_arm":3,"gtceu:small_gallium_arsenide_dust":80,"minecraft:clay":73,"minecraft:lapis_block":1,"gtceu:fireclay_dust":133,"minecraft:diamond_chestplate":1},"minecraft:custom":{"minecraft:interact_with_crafting_table":427,"minecraft:leave_game":33,"minecraft:time_since_death":874675,"minecraft:play_time":5642511,"minecraft:deaths":32,"minecraft:jump":26592,"minecraft:interact_with_furnace":606,"minecraft:sleep_in_bed":31,"minecraft:damage_dealt":10701,"minecraft:inspect_hopper":67,"minecraft:sneak_time":112966,"minecraft:total_world_time":5642511,"minecraft:time_since_rest":874700,"minecraft:swim_one_cm":134893,"minecraft:fly_one_cm":7068389,"minecraft:open_chest":1093,"minecraft:fall_one_cm":659667,"minecraft:sprint_one_cm":8828079,"minecraft:drop":517,"minecraft:walk_on_water_one_cm":305170,"minecraft:crouch_one_cm":322197,"minecraft:mob_kills":177,"minecraft:interact_with_campfire":542,"minecraft:climb_one_cm":6676,"minecraft:walk_one_cm":8298144,"minecraft:walk_under_water_one_cm":20726,"minecraft:damage_taken":20658},"minecraft:killed":{"minecraft:zombie":5,"minecraft:husk":15,"minecraft:rabbit":7,"minecraft:enderman":7,"minecraft:spider":6,"minecraft:creeper":2,"minecraft:slime":121,"minecraft:bat":1},"minecraft:used":{"gtceu:steel_drum":13,"create:deployer":6,"functionalstorage:linking_tool":15,"trashcans:item_trash_can":1,"minecraft:chest":39,"minecraft:stone":20,"gtceu:lv_distillery":2,"gtceu:treated_wood_planks":109,"gtceu:pump_deck":9,"gtceu:firebricks":100,"create:fluid_tank":14,"create_new_age:overcharged_golden_wire":74,"create:mechanical_crafter":68,"gtceu:lv_fluid_solidifier":3,"create:depot":15,"gtceu:iron_wrench":4,"gtceu:steel_gearbox":5,"minecraft:jungle_sapling":6,"gtceu:lv_sifter":1,"minecraft:lava_bucket":22,"gtceu:ulv_input_hatch":6,"thermal:energy_cell":1,"minecraft:furnace":4,"create:shaft":92,"minecraft:oak_sapling":356,"gtceu:solid_machine_casing":73,"gtceu:lv_4a_energy_converter":9,"minecraft:potato":15,"gtceu:lv_super_chest":1,"gtceu:solid_blast_furnace":3,"gtceu:mv_mixer":1,"gtceu:tin_single_wire":5,"create_new_age:redstone_magnet":27,"kubejs:meshblock":10,"minecraft:blackstone":6,"toms_storage:ts.inventory_connector":2,"gtceu:copper_single_wire":7,"minecraft:composter":5,"exnihilosequentia:stone_barrel":8,"exnihilosequentia:oak_sieve":105,"minecraft:clay":87,"create_new_age:overcharged_diamond_wire":23,"minecraft:oak_leaves":238,"minecraft:sand":176,"gtceu:heatproof_machine_casing":9,"gtceu:lv_circuit_assembler":2,"gtceu:lv_compressor":1,"gtceu:lv_output_bus":16,"gtceu:kinetic_ore_factory":5,"gtceu:lp_steam_compressor":2,"create:adjustable_chain_gearshift":14,"gtceu:soul_infused_single_wire":1,"create:basin":7,"gtceu:lv_electrolyzer":8,"gtceu:ulv_input_bus":12,"gtceu:cupronickel_coil_block":16,"exmachinis:flux_sieve":17,"minecraft:diorite_slab":440,"komarumod:komaru_spawn_egg":1,"create_new_age:generator_coil":4,"gtceu:lv_alloy_smelter":2,"minecraft:torch":53,"gtceu:treated_wood_frame":138,"gtceu:steel_firebox_casing":22,"toms_storage:ts.crafting_terminal":2,"exnihilosequentia:grass_seeds":17,"gtceu:mv_assembler":1,"gtceu:mv_extruder":1,"gtceu:large_barrel":2,"create:wrench":49,"create:gearbox":21,"minecraft:iron_axe":1555,"minecraft:jungle_log":1,"gtceu:large_stone_barrel":1,"gtceu:lv_mixer":2,"create_new_age:energiser_t2":2,"create:encased_chain_drive":47,"gtceu:lv_output_hatch":3,"create:fluid_pipe":64,"gtceu:lv_centrifuge":2,"gtceu:maintenance_hatch":2,"minecraft:wheat_seeds":24,"minecraft:water_bucket":64,"thermal:rice_seeds":10,"gtceu:lp_steam_liquid_boiler":2,"gtceu:electric_blast_furnace":2,"createdieselgenerators:huge_diesel_engine":12,"create:encased_fan":13,"minecraft:crafting_table":7,"minecraft:oak_slab":21,"minecraft:white_bed":5,"minecraft:campfire":4,"minecraft:oak_log":90,"minecraft:diamond_pickaxe":1856,"exnihilosequentia:oak_barrel":22,"create_new_age:overcharged_iron_wire":39,"gtceu:lv_cutter":2,"minecraft:iron_pickaxe":751,"create:water_wheel":3,"minecraft:leather_helmet":2,"thermal:energy_cell_frame":2,"gtceu:ulv_output_hatch":5,"kubejs:wood_casing":59,"gtceu:lv_input_bus":9,"minecraft:cobblestone":526,"gtceu:lv_macerator":3,"gtceu:mv_fluid_solidifier":1,"gtceu:mv_alloy_smelter":1,"create:portable_storage_interface":4,"farmersdelight:stove":9,"gtceu:bronze_machine_casing":8,"toms_storage:ts.storage_terminal":6,"create:mechanical_bearing":1,"gtceu:lv_bender":2,"minecraft:soul_campfire":2,"gtceu:electrico_kinetic_ore_factory":1,"jetboots:jetboots":10,"thermal:dynamo_lapidary":2,"functionalstorage:oak_2":6,"create:cogwheel":236,"gtceu:ulv_output_bus":8,"exnihilosequentia:oak_crucible":3,"create:speedometer":3,"gtceu:steel_pipe_casing":4,"create_new_age:fluxuated_magnetite":36,"gtceu:lv_forge_hammer":4,"create:millstone":1,"gtceu:primitive_blast_furnace":1,"thermal:device_composter":2,"minecraft:stone_bricks":9,"gtceu:lv_muffler_hatch":4,"createdieselgenerators:biodiesel_bucket":4,"minecraft:magma_block":1,"gtceu:lv_kinetic_input_box":7,"pipez:item_pipe":156,"create:mechanical_drill":2,"gtceu:mv_macerator":1,"createdieselgenerators:large_diesel_engine":21,"gtceu:lv_polarizer":2,"minecraft:diamond_boots":1,"gtceu:lp_steam_solid_boiler":2,"gtceu:rubber_gloves":1,"gtceu:lv_assembler":4,"create:crushing_wheel":19,"minecraft:stone_pickaxe":208,"minecraft:oak_planks":12,"minecraft:polished_diorite_slab":432,"minecraft:sugar_cane":4,"gtceu:mv_extractor":1,"minecraft:diamond_axe":56,"create:mechanical_saw":8,"colossalchests:chest_wall_wood":199,"gtceu:lv_energy_input_hatch":5,"gtceu:mv_circuit_assembler":1,"functionalstorage:storage_controller":2,"gtceu:wood_drum":14,"minecraft:shears":238,"gtceu:lp_steam_macerator":1,"minecraft:lever":14,"thermal:device_tree_extractor":9,"create_new_age:copper_wire":4,"minecraft:string":23,"gtceu:mv_chemical_bath":1,"minecraft:gravel":218,"create:andesite_casing":5,"create_new_age:energiser_t3":1,"exnihilosequentia:dust":2,"minecraft:granite_slab":162,"create_new_age:electrical_connector":58,"gtceu:gold_quadruple_wire":16,"gtceu:lv_thermal_centrifuge":2,"exnihilosequentia:andesite_hammer":180,"gtceu:lv_machine_hull":1,"exnihilosequentia:stone_hammer":1401,"functionalstorage:oak_1":76,"minecraft:cooked_rabbit":1,"create:stressometer":2,"gtceu:mv_chemical_reactor":1,"exnihilosequentia:silkworm":4,"create:vertical_gearbox":13,"gtceu:copper_small_fluid_pipe":4,"gtceu:copper_quadruple_wire":30,"minecraft:bone_meal":64,"create:large_cogwheel":3,"create:clipboard":1,"gtceu:mv_energy_input_hatch":2,"gtceu:kinetic_sieve":2,"thermal:device_water_gen":7,"thermal:device_rock_gen":3,"functionalstorage:configuration_tool":21,"create:mechanical_pump":10,"minecraft:dirt":293,"create:mechanical_mixer":1,"minecraft:hopper":13,"gtceu:kanthal_coil_block":16,"gtceu:bronze_pipe_casing":4,"create:chute":15,"create:smart_chute":9,"minecraft:iron_hoe":25,"exnihilosequentia:diorite_hammer":2,"gtceu:mv_laser_engraver":1,"gtceu:lv_arc_furnace":2,"gtceu:large_farm":6,"exnihilosequentia:wooden_crook":537,"thermal:fluid_cell":109,"create:radial_chassis":2,"gtceu:hv_assembler":1,"gtceu:mv_autoclave":1,"gtceu:lv_wiremill":3,"gtceu:lv_ore_washer":2,"gtceu:mv_4a_energy_converter":4,"gtceu:lv_extractor":2,"create:gearshift":3,"pipez:fluid_pipe":45,"exnihilosequentia:fired_crucible":2,"minecraft:baked_potato":523,"gtceu:lv_gas_collector":2,"gtceu:lv_chemical_reactor":2,"minecraft:cobblestone_slab":12,"create_new_age:energiser_t1":1,"thermal:fluid_cell_frame":11,"functionalstorage:framed_2":3,"gtceu:mv_compressor":1,"gtceu:lv_brewery":1,"gtceu:mv_cutter":1,"create_new_age:layered_magnet":24,"create:linear_chassis":22,"gtceu:mv_distillery":3,"exnihilosequentia:iron_hammer":2052,"minecraft:apple":1,"functionalstorage:oak_4":4,"create:mechanical_press":6,"gtceu:lv_lathe":2,"gtceu:mv_brewery":1,"gtceu:lv_input_hatch":3,"create:large_water_wheel":12,"colossalchests:colossal_chest_wood":2,"minecraft:stone_axe":951,"createdieselgenerators:basin_lid":4,"gtceu:lv_super_tank":1,"minecraft:bucket":168,"create:hand_crank":2,"pipez:energy_pipe":2,"create_new_age:carbon_brushes":1}},"DataVersion":3465}