{"stats":{"minecraft:custom":{"minecraft:interact_with_crafting_table":147,"minecraft:leave_game":7,"minecraft:time_since_death":330344,"minecraft:sprint_one_cm":595042,"minecraft:drop":79,"minecraft:play_time":877162,"minecraft:deaths":8,"minecraft:jump":1398,"minecraft:walk_on_water_one_cm":28602,"minecraft:interact_with_furnace":106,"minecraft:sleep_in_bed":11,"minecraft:damage_dealt":712,"minecraft:crouch_one_cm":121381,"minecraft:mob_kills":3,"minecraft:interact_with_campfire":35,"minecraft:walk_one_cm":1244205,"minecraft:sneak_time":40954,"minecraft:walk_under_water_one_cm":123029,"minecraft:total_world_time":877162,"minecraft:time_since_rest":330367,"minecraft:damage_taken":3017,"minecraft:swim_one_cm":86270,"minecraft:fly_one_cm":179412,"minecraft:open_chest":245,"minecraft:fall_one_cm":21125},"minecraft:killed":{"minecraft:spider":1,"minecraft:husk":1},"minecraft:mined":{"minecraft:polished_granite_slab":30,"thermal:device_water_gen":1,"gtceu:coke_oven_bricks":1,"minecraft:white_bed":1,"minecraft:farmland":40,"minecraft:granite":1,"exnihilosequentia:oak_sieve":3,"minecraft:grass_block":1,"gtceu:large_stone_barrel":1,"minecraft:granite_slab":3,"create:cogwheel":3,"minecraft:blackstone":37,"minecraft:clay":128,"minecraft:torch":1,"minecraft:polished_diorite_slab":14,"minecraft:cobblestone":643,"create:basin":3,"create:mechanical_mixer":3,"minecraft:oak_log":20,"minecraft:sand":198,"minecraft:dirt":73,"minecraft:oak_leaves":65,"gtceu:coke_oven":1,"exnihilosequentia:infested_leaves":43,"createlowheated:basic_burner":3,"gtceu:wood_drum":1,"gtceu:ulv_output_bus":1,"gravestone:gravestone":7,"create:large_cogwheel":5,"create:depot":4,"exnihilosequentia:crushed_diorite":11,"minecraft:diorite_slab":6,"create:shaft":19,"minecraft:stone":16,"gtceu:ulv_output_hatch":1,"create:fluid_pipe":3,"exnihilosequentia:stone_barrel":1,"create:mechanical_pump":3,"minecraft:diorite":3,"minecraft:coarse_dirt":1,"minecraft:mycelium":1,"minecraft:gravel":518,"minecraft:stone_bricks":7},"minecraft:picked_up":{"gtceu:tiny_sulfur_dust":63,"create:wrench":1,"exnihilosequentia:andesite_pebble":3872,"minecraft:string":1222,"minecraft:bucket":1,"exnihilosequentia:oak_sieve":2,"thermal:slime_mushroom_spores":8,"minecraft:furnace":2,"minecraft:stick":88,"create:mechanical_mixer":3,"minecraft:torch":1,"createlowheated:basic_burner":3,"minecraft:diorite":253,"thermal:flax_seeds":13,"woodenbucket:wooden_bucket":1,"create:large_cogwheel":5,"minecraft:cactus":3,"minecraft:rotten_flesh":1,"gtceu:iron_wrench":1,"exnihilosequentia:crushed_granite":2,"minecraft:cobblestone":2057,"exnihilosequentia:blackstone_pebble":29,"minecraft:polished_diorite_slab":6,"minecraft:andesite":1555,"minecraft:potato":2,"exnihilosequentia:string_mesh":3,"minecraft:lapis_lazuli":8,"kubejs:coin":39,"minecraft:dirt":119,"minecraft:glass":7,"minecraft:wheat_seeds":24,"gtceu:iron_mortar":2,"exnihilosequentia:grass_seeds":1,"create:shaft":18,"minecraft:glowstone_dust":84,"minecraft:rabbit":2,"minecraft:bamboo":1,"minecraft:oak_planks":2,"create:cogwheel":5,"exnihilosequentia:tuff_pebble":20,"gtceu:coke_oven":1,"minecraft:sand":589,"exnihilosequentia:crushed_blackstone":37,"minecraft:granite_slab":72,"exnihilosequentia:crushed_diorite":22,"exnihilosequentia:silkworm":376,"gtceu:ulv_output_bus":1,"gtceu:wood_drum":1,"minecraft:clay":4,"minecraft:polished_granite_slab":36,"minecraft:granite":319,"minecraft:bone_meal":1,"minecraft:emerald":2,"minecraft:oak_sapling":113,"minecraft:crafting_table":3,"minecraft:cocoa_beans":2,"minecraft:mud":2,"minecraft:charcoal":1,"minecraft:coarse_dirt":1,"gtceu:wrought_iron_ingot":132,"gtceu:tin_ingot":1,"minecraft:clay_ball":512,"minecraft:diorite_slab":441,"exnihilosequentia:calcite_pebble":18,"gtceu:tiny_flint_dust":6,"gtceu:crushed_sphalerite_ore":67,"create:fluid_pipe":3,"minecraft:iron_axe":1,"exnihilosequentia:crushed_andesite":13,"exnihilosequentia:dust":198,"create:basin":3,"minecraft:jungle_sapling":1,"minecraft:sugar_cane":2,"minecraft:chest":4,"minecraft:birch_sapling":2,"gtceu:iron_plate":4,"minecraft:stone":1,"minecraft:copper_ingot":12,"exnihilosequentia:diorite_pebble":3768,"minecraft:carrot":1,"exnihilosequentia:granite_pebble":4602,"gtceu:large_stone_barrel":1,"minecraft:redstone":88,"exnihilosequentia:stone_pebble":5786,"gtceu:crushed_copper_ore":174,"gtceu:crushed_tin_ore":76,"exnihilosequentia:mycelium_spores":4,"minecraft:beetroot_seeds":7,"exnihilosequentia:deepslate_pebble":21,"create:depot":3,"gtceu:crushed_galena_ore":14,"exnihilosequentia:dripstone_pebble":22,"exnihilosequentia:stone_barrel":1,"exnihilosequentia:basalt_pebble":23,"thermal:device_water_gen":1,"minecraft:fern":1,"gtceu:crushed_stibnite_ore":9,"create:andesite_alloy":1,"minecraft:oak_log":27,"minecraft:apple":17,"gtceu:ulv_output_hatch":1,"minecraft:stone_bricks":7,"minecraft:iron_ingot":5,"minecraft:stone_pickaxe":4,"minecraft:acacia_sapling":3,"minecraft:oak_slab":6,"minecraft:sweet_berries":1,"minecraft:quartz":6,"minecraft:gravel":719,"minecraft:lava_bucket":1,"minecraft:amethyst_shard":3,"gtceu:red_alloy_ingot":1,"gtceu:coke_oven_bricks":1,"minecraft:spider_eye":2,"minecraft:pumpkin_seeds":12,"gtceu:crushed_iron_ore":174,"minecraft:polished_diorite":512,"create:mechanical_pump":3,"minecraft:cherry_sapling":1,"gtceu:flint_dust":3,"gtceu:crushed_magnetite_ore":72,"minecraft:melon_seeds":13,"minecraft:ender_pearl":11,"minecraft:sunflower":1},"minecraft:broken":{"exnihilosequentia:wooden_crook":1,"exnihilosequentia:diorite_hammer":1,"exnihilosequentia:stone_hammer":2,"gtceu:iron_mortar":1,"exnihilosequentia:andesite_hammer":1,"exnihilosequentia:iron_hammer":1},"minecraft:killed_by":{"minecraft:husk":1},"minecraft:used":{"minecraft:iron_shovel":128,"minecraft:chest":2,"minecraft:stone":60,"create:cogwheel":26,"gtceu:ulv_output_bus":2,"create:depot":3,"gtceu:coke_oven_bricks":25,"minecraft:lava_bucket":3,"gtceu:ulv_input_hatch":2,"minecraft:stone_bricks":38,"createlowheated:basic_burner":4,"create:shaft":33,"minecraft:furnace":10,"minecraft:oak_sapling":30,"pipez:item_pipe":1,"minecraft:diorite":142,"minecraft:stone_pickaxe":147,"minecraft:oak_planks":1,"minecraft:polished_diorite_slab":68,"minecraft:blackstone":3,"gtceu:coke_oven_hatch":1,"minecraft:composter":1,"exnihilosequentia:oak_sieve":4,"exnihilosequentia:stone_barrel":2,"minecraft:clay":1,"minecraft:sand":14,"gtceu:wood_drum":1,"gtceu:coke_oven":2,"minecraft:gravel":14,"minecraft:granite_slab":20,"create:basin":4,"exnihilosequentia:andesite_hammer":76,"exnihilosequentia:stone_hammer":485,"gtceu:ulv_input_bus":2,"functionalstorage:oak_1":1,"exnihilosequentia:silkworm":1,"minecraft:coarse_dirt":21,"minecraft:diorite_slab":269,"create:large_cogwheel":16,"minecraft:stone_shovel":4,"thermal:device_water_gen":2,"minecraft:stone_hoe":90,"minecraft:torch":9,"create:mechanical_pump":4,"minecraft:dirt":1,"create:mechanical_mixer":4,"minecraft:polished_granite_slab":78,"minecraft:granite":1,"create:chute":1,"exnihilosequentia:crushed_diorite":11,"exnihilosequentia:diorite_hammer":34,"minecraft:iron_axe":1,"gtceu:large_stone_barrel":3,"exnihilosequentia:wooden_crook":107,"create:fluid_pipe":6,"minecraft:water_bucket":7,"minecraft:cobblestone_stairs":3,"minecraft:baked_potato":26,"minecraft:cobblestone_slab":27,"minecraft:crafting_table":1,"exnihilosequentia:iron_hammer":815,"minecraft:apple":3,"exnihilosequentia:oak_barrel":1,"gtceu:ulv_output_hatch":2,"minecraft:cobblestone":20,"minecraft:bucket":10,"exnihilosequentia:mycelium_spores":1},"minecraft:crafted":{"minecraft:oak_planks":229,"minecraft:cobblestone_slab":60,"gtceu:lv_electric_piston":1,"minecraft:polished_granite_slab":180,"gtceu:large_stone_barrel":3,"thermal:device_water_gen":1,"minecraft:cobblestone_stairs":64,"minecraft:stone":5,"gtceu:coke_oven_bricks":48,"gtceu:brick_wooden_form":1,"gtceu:tin_ingot":6,"gtceu:lv_electric_motor":2,"exnihilosequentia:stone_barrel":7,"minecraft:granite":875,"gtceu:quartz_sand_dust":17,"minecraft:diamond_helmet":1,"minecraft:diamond_leggings":1,"gtceu:coke_oven_brick":192,"exnihilosequentia:andesite_hammer":1,"gtceu:wood_drum":2,"minecraft:chest":32,"gtceu:ulv_output_bus":3,"minecraft:stone_hoe":2,"minecraft:stone_bricks":44,"create:cogwheel":17,"minecraft:polished_diorite_slab":192,"minecraft:oak_slab":21,"gtceu:bronze_dust":1,"minecraft:soul_campfire":1,"gtceu:ulv_output_hatch":2,"farmersdelight:iron_knife":1,"gtceu:ulv_machine_casing":11,"minecraft:copper_ingot":7,"gtceu:coke_oven_hatch":1,"gtceu:wood_plate":5,"minecraft:campfire":1,"create:mechanical_mixer":1,"minecraft:diorite":829,"rechiseled:chisel":1,"thermal:redstone_servo":1,"exnihilosequentia:stone_hammer":2,"gtceu:sticky_resin":2,"gtceu:brass_dust":1,"minecraft:stick":8,"minecraft:stone_slab":12,"minecraft:iron_ingot":11,"minecraft:iron_block":3,"create:large_cogwheel":6,"woodenbucket:wooden_bucket":2,"gtceu:long_iron_rod":2,"minecraft:composter":1,"gtceu:empty_wooden_form":72,"minecraft:coarse_dirt":28,"minecraft:stone_shovel":1,"createlowheated:basic_burner":1,"gtceu:ulv_machine_hull":7,"gtceu:zinc_dust":1,"minecraft:furnace":9,"gtceu:zinc_ingot":12,"gtceu:red_alloy_single_wire":2,"gtceu:compressed_coke_clay":128,"gtceu:ulv_input_bus":2,"exnihilosequentia:oak_sieve":2,"minecraft:flint_and_steel":1,"gtceu:ulv_input_hatch":3,"gtceu:coke_oven":1,"gtceu:treated_wood_rod":68,"gtceu:iron_rod":4,"minecraft:slime_ball":2,"minecraft:stone_pickaxe":1,"minecraft:diamond_boots":1,"exnihilosequentia:iron_hammer":3,"gtceu:lead_ingot":8,"create:basin":1,"exnihilosequentia:wooden_crook":1,"functionalstorage:oak_1":1,"gtceu:copper_dust":1,"gtceu:glass_dust":5,"gtceu:iron_mortar":1,"gtceu:red_alloy_single_cable":2,"gtceu:wood_mallet":1,"minecraft:polished_granite":135,"minecraft:bucket":1,"gtceu:sulfur_dust":1,"minecraft:air":9342,"create:whisk":1,"minecraft:cobblestone":1308,"gtceu:charcoal_dust":128,"minecraft:flint":1,"minecraft:blackstone":37,"minecraft:iron_shovel":1,"minecraft:anvil":1,"gtceu:small_steel_gear":1,"create:shaft":80,"minecraft:andesite":882,"minecraft:torch":4,"minecraft:diorite_slab":264,"minecraft:granite_slab":71,"minecraft:diamond_chestplate":1},"minecraft:dropped":{"exnihilosequentia:granite_pebble":319,"exnihilosequentia:diorite_pebble":310,"gtceu:flint_dust":1,"gravestone:obituary":7,"minecraft:sand":64,"gtceu:iron_mortar":1,"gtceu:zinc_ingot":1,"minecraft:diorite_slab":2,"exnihilosequentia:stone_pebble":481,"gtceu:red_alloy_ingot":6,"create:andesite_alloy":2,"minecraft:copper_ingot":29,"exnihilosequentia:andesite_pebble":315,"minecraft:diorite":64,"minecraft:granite_slab":474,"minecraft:bucket":1,"minecraft:redstone":41,"gtceu:tin_ingot":2}},"DataVersion":3465}